recall,precision,threshold
1.0,0.10978043912175649,0.04878153602208366
1.0,0.10981697171381032,0.05971453669353124
1.0,0.10985352862849534,0.06173135831068557
1.0,0.10989010989010989,0.061837831604753646
1.0,0.10992671552298468,0.06252793660233036
1.0,0.10996334555148284,0.06387789383508577
1.0,0.11,0.06465817575116721
1.0,0.11007338225483655,0.06479252492965036
1.0,0.11011011011011011,0.06546245108456426
0.996969696969697,0.1099966566365764,0.06611839944448666
0.996969696969697,0.11003344481605351,0.06710261165282772
0.996969696969697,0.11007025761124122,0.06807367159956637
0.996969696969697,0.11010709504685408,0.06825324323334113
0.996969696969697,0.11014395714763978,0.0684360503076014
0.996969696969697,0.11029165269862555,0.06857767376061082
0.996969696969697,0.11032863849765258,0.06928383728092685
0.9939393939393939,0.11047490737622095,0.06936204699831365
0.9939393939393939,0.11062394603709949,0.06938102625729785
0.9939393939393939,0.1106612685560054,0.06997520966347091
0.9939393939393939,0.11073598919648886,0.07075630675798197
0.9939393939393939,0.11077338736913205,0.07101246728049418
0.9939393939393939,0.1108482595471443,0.07142888837083332
0.9939393939393939,0.11088573360378634,0.0715508123065754
0.990909090909091,0.11065989847715736,0.07161954719518372
0.990909090909091,0.110734845919404,0.07178465781410928
0.990909090909091,0.11077235772357724,0.0722249519800978
0.990909090909091,0.11080989495086412,0.07231756062165677
0.990909090909091,0.11084745762711865,0.07241756995260475
0.990909090909091,0.11107336956521739,0.07256679103594445
0.9878787878787879,0.11080897348742352,0.07267069136411342
0.9878787878787879,0.11084665079904794,0.07287643122626464
0.9878787878787879,0.1108843537414966,0.0731861119215004
0.9878787878787879,0.11092208234093229,0.07331079850330434
0.9818181818181818,0.11118737131091283,0.07335815317480866
0.9818181818181818,0.11122554067971163,0.0734131907884183
0.9818181818181818,0.11130195809000344,0.07403915859169878
0.9787878787878788,0.1110729023383769,0.07408694612912162
0.9787878787878788,0.1111111111111111,0.07416518220438967
0.9787878787878788,0.11114934618031659,0.07445679958701693
0.9787878787878788,0.11118760757314974,0.07493253634156471
0.9787878787878788,0.11137931034482759,0.0751113650463533
0.9787878787878788,0.11141773025181097,0.07513179046441244
0.9787878787878788,0.11161022805805114,0.0752838728630218
0.9787878787878788,0.11164880746629796,0.0755704024820822
0.9787878787878788,0.11168741355463348,0.07569881938286475
0.9757575757575757,0.11149584487534626,0.07577121383303323
0.9757575757575757,0.11161178509532062,0.07589994395554965
0.9757575757575757,0.11165048543689321,0.07594511268100174
0.9757575757575757,0.11188325225851285,0.07610100615073453
0.9757575757575757,0.11192214111922141,0.07620955091533659
0.9757575757575757,0.11196105702364395,0.07640882455183487
0.9757575757575757,0.11203897007654837,0.07661167918320638
0.9666666666666667,0.1117338003502627,0.076768827248857
0.9666666666666667,0.11212653778558876,0.07687824528271853
0.9666666666666667,0.11228440689897923,0.07742101665149716
0.9666666666666667,0.11236350827756252,0.07755231448405538
0.9484848484848485,0.11381818181818182,0.07763907930628983
0.9454545454545454,0.11361981063364894,0.07766013438186543
0.9454545454545454,0.11370262390670553,0.0778900234422468
0.9454545454545454,0.11374407582938388,0.07809647793601543
0.9454545454545454,0.1137855579868709,0.078278231935605
0.9454545454545454,0.11391018619934283,0.07828205789411953
0.9454545454545454,0.1139517896274653,0.07831925352849554
0.9424242424242424,0.1144223693892568,0.07845194513975061
0.9424242424242424,0.11446448288553551,0.07878031704314607
0.9424242424242424,0.11450662739322533,0.07925985546689636
0.9424242424242424,0.11480251015134736,0.07944812450269921
0.9424242424242424,0.11484490398818316,0.07946962790695129
0.9424242424242424,0.11552748885586925,0.07962973498871559
0.9424242424242424,0.11565637783562663,0.08006656085018682
0.9393939393939394,0.11554230339172568,0.08014277020367122
0.9393939393939394,0.11580127007844603,0.08027828219690855
0.9393939393939394,0.11610486891385768,0.08032583002373976
0.9393939393939394,0.11627906976744186,0.08037732298446097
0.9393939393939394,0.11632270168855535,0.08060419121830413
0.9393939393939394,0.11645379413974455,0.08081395075638274
0.9393939393939394,0.11649755730928223,0.08102747436366263
0.9303030303030303,0.11835003855050116,0.08119288378814797
0.9242424242424242,0.11858475894245724,0.08130805207093207
0.9242424242424242,0.11904761904761904,0.08139864799530869
0.9242424242424242,0.11909410386567747,0.08162295872209356
0.9242424242424242,0.119140625,0.08187932446189293
0.9242424242424242,0.11937377690802348,0.08201751095301754
0.9090909090909091,0.12264922322158626,0.08210882672658758
0.906060606060606,0.12254098360655738,0.08259020028363086
0.906060606060606,0.12259122591225913,0.08278147343873998
0.906060606060606,0.12274220032840723,0.08282464288986259
0.9,0.12272727272727273,0.08296428061519157
0.9,0.12287960281340504,0.0830951284139993
0.9,0.12293046357615894,0.08330983212177177
0.9,0.12298136645962733,0.08373625747550852
0.9,0.12303231151615576,0.08381443336161921
0.9,0.1234927234927235,0.08396117180923836
0.9,0.12354409317803661,0.08401253391992662
0.9,0.1236984589754269,0.0840351599486871
0.896969696969697,0.12478920741989882,0.08420362380377525
0.896969696969697,0.125,0.0842335625383237
0.896969696969697,0.12505280946345584,0.08432711894752569
0.896969696969697,0.12515856236786468,0.08437492171203338
0.896969696969697,0.12521150592216582,0.08466323262550066
0.8939393939393939,0.12547851977881752,0.0847434141641973
0.8939393939393939,0.12569237324243715,0.08482029576252832
0.8939393939393939,0.1257995735607676,0.08488598743202301
0.8939393939393939,0.12606837606837606,0.08493601231500839
0.8939393939393939,0.1263924592973436,0.08520353887740116
0.8939393939393939,0.1264466352336048,0.08522886908473296
0.8909090909090909,0.12634293081220455,0.08525431626986535
0.8878787878787879,0.12596732588134135,0.08544954506522681
0.8878787878787879,0.12629310344827585,0.0856741750734365
0.8606060606060606,0.12633451957295375,0.08584818413146975
0.8575757575757575,0.1267921146953405,0.08596933789029373
0.8545454545454545,0.12685560053981107,0.08606464100303637
0.8545454545454545,0.1269126912691269,0.08657027446048587
0.8545454545454545,0.12719891745602166,0.08671563005808136
0.8090909090909091,0.12954876273653565,0.08681168191268263
0.806060606060606,0.12918892666342885,0.08681806275693725
0.806060606060606,0.1292517006802721,0.08683499033510175
0.806060606060606,0.1293774319066148,0.08717218326340358
0.806060606060606,0.12944038929440388,0.08731800375453834
0.806060606060606,0.12950340798442064,0.08751918163408942
0.806060606060606,0.12975609756097561,0.08756458587071207
0.806060606060606,0.131163708086785,0.08771145065214564
0.806060606060606,0.13129318854886476,0.08787208647507062
0.806060606060606,0.13135802469135802,0.08797955794349356
0.806060606060606,0.13142292490118576,0.08805126629228816
0.806060606060606,0.1314878892733564,0.08807487543595881
0.803030303030303,0.1313181367690783,0.0882818963390788
0.803030303030303,0.1314484126984127,0.08854645276196114
0.803030303030303,0.1315136476426799,0.08860554847795102
0.803030303030303,0.1323015476784823,0.08873021587819736
0.803030303030303,0.13236763236763235,0.08873126413948172
0.803030303030303,0.13243378310844578,0.0887707766579829
0.803030303030303,0.1325662831415708,0.08881387538746241
0.803030303030303,0.1326990485728593,0.08883766908987646
0.7787878787878788,0.13172731932342388,0.08896263120307055
0.7757575757575758,0.13128205128205128,0.08901482483774
0.7757575757575758,0.13161953727506426,0.08904630787160842
0.7757575757575758,0.13175501801338138,0.08934856482564894
0.7757575757575758,0.13182286302780638,0.08937707102929468
0.7757575757575758,0.13189077794951057,0.08949812823804501
0.7757575757575758,0.13284898806434872,0.08958244059979241
0.7757575757575758,0.13340281396560708,0.0897089418168219
0.7757575757575758,0.1334723670490094,0.08973235692806387
0.7727272727272727,0.13364779874213836,0.08978495764894227
0.7727272727272727,0.13406940063091483,0.08991583481598625
0.7727272727272727,0.13413992635455024,0.08996649440177686
0.7696969696969697,0.13375460768825698,0.0900424892229742
0.7696969696969697,0.13382507903055849,0.09009288735828304
0.7696969696969697,0.13417855256207079,0.09015002775632791
0.7696969696969697,0.13424947145877378,0.0902164370778582
0.7696969696969697,0.1343204653622422,0.09032491379756846
0.7696969696969697,0.13460519342872285,0.09056109107845925
0.7454545454545455,0.13659078289838977,0.09074404065167713
0.7424242424242424,0.13771781899943789,0.09087141689624831
0.7424242424242424,0.1383399209486166,0.09097161344641556
0.7424242424242424,0.1384180790960452,0.09112362186991253
0.7424242424242424,0.13849632560768796,0.0911953169821358
0.7424242424242424,0.13857466063348417,0.09121968481438952
0.7424242424242424,0.1386530843237125,0.0913564676433476
0.7424242424242424,0.13873159682899208,0.0915031892512411
0.7393939393939394,0.13855763770584895,0.09165599634861805
0.6696969696969697,0.14258064516129032,0.09168611280899434
0.6696969696969697,0.14267269205939315,0.09175306008747623
0.6696969696969697,0.14276485788113696,0.091756970678545
0.6696969696969697,0.1429495472186287,0.09176367848610015
0.6696969696969697,0.143042071197411,0.09178147343094968
0.6696969696969697,0.14332036316472113,0.09218980323816515
0.6696969696969697,0.14341336794289422,0.09228922055390193
0.6696969696969697,0.14359974009096815,0.09250069113817144
0.6696969696969697,0.14369310793237972,0.0925051424739704
0.6696969696969697,0.14378659726740403,0.09254841762172857
0.6666666666666666,0.14473684210526316,0.09269812412852903
0.6666666666666666,0.1448321263989467,0.09270279210377239
0.6666666666666666,0.14502307185234015,0.09280234757743926
0.6666666666666666,0.14511873350923482,0.09287163854924967
0.6636363636363637,0.14474553866490417,0.09288494995685102
0.6636363636363637,0.14484126984126985,0.09305997284114748
0.6636363636363637,0.14503311258278145,0.09308478788550348
0.6636363636363637,0.14522546419098142,0.09330237980932872
0.6606060606060606,0.1449468085106383,0.0934049813951449
0.6575757575757576,0.14437791084497673,0.09356989515581281
0.6575757575757576,0.14447403462050598,0.09364254720029945
0.6575757575757576,0.14534494306764903,0.0938162013131258
0.6575757575757576,0.14544235924932977,0.09386149730548814
0.6575757575757576,0.14563758389261744,0.0938865039560113
0.6424242424242425,0.14610613370089592,0.09390930209322336
0.6424242424242425,0.14620689655172414,0.09401783513117958
0.6424242424242425,0.14630779848171152,0.0940726883619765
0.6424242424242425,0.14661134163208853,0.09410577548305515
0.6393939393939394,0.14642609299097847,0.09442342607233084
0.6393939393939394,0.14652777777777778,0.09458060216581579
0.6363636363636364,0.14705882352941177,0.09466920467986355
0.6363636363636364,0.14820042342978124,0.0948267470527541
0.6303030303030303,0.1478322672352523,0.09488202280428985
0.6303030303030303,0.1480427046263345,0.09496017083522812
0.6303030303030303,0.14814814814814814,0.09520560512578338
0.6272727272727273,0.14764621968616262,0.09526564870425007
0.6272727272727273,0.14775160599571735,0.09556873781178245
0.6272727272727273,0.14785714285714285,0.09569758465446583
0.6090909090909091,0.14650145772594753,0.09587022142009505
0.6090909090909091,0.14660831509846828,0.095889816765724
0.6060606060606061,0.14792899408284024,0.09596235081024242
0.603030303030303,0.1474074074074074,0.09602365326558394
0.5969696969696969,0.14625092798812175,0.09631096927391117
0.5969696969696969,0.14635958395245172,0.09653328530150679
0.5969696969696969,0.14657738095238096,0.09668743635922541
0.593939393939394,0.14626865671641792,0.096847978054672
0.5606060606060606,0.15251442704039572,0.09695406169769565
0.5606060606060606,0.15264026402640263,0.09711499850735429
0.5606060606060606,0.152766308835673,0.09715560639796654
0.5606060606060606,0.15301902398676592,0.0973199282017228
0.5575757575757576,0.15257048092868988,0.0975132213991873
0.5575757575757576,0.15269709543568466,0.09774004945317137
0.5545454545454546,0.15199335548172757,0.09778550967735948
0.5545454545454546,0.15224625623960067,0.09812504312280905
0.5545454545454546,0.15262718932443703,0.0983489423255505
0.5545454545454546,0.15275459098497496,0.09848583722345025
0.5545454545454546,0.15288220551378445,0.09857750203198579
0.5545454545454546,0.15313807531380752,0.09861407004561873
0.5545454545454546,0.15326633165829145,0.09886956573232486
0.5545454545454546,0.1535234899328859,0.0990735811622229
0.5515151515151515,0.15294117647058825,0.09911719823960076
0.5515151515151515,0.15332771693344566,0.09916477356070526
0.5515151515151515,0.15358649789029535,0.09919103844974178
0.5454545454545454,0.15437392795883362,0.09921498363019235
0.5454545454545454,0.15450643776824036,0.09932897636007457
0.5454545454545454,0.15463917525773196,0.09942133936914938
0.5393939393939394,0.15397923875432526,0.09966640226351701
0.5393939393939394,0.15411255411255412,0.09992002832585875
0.5333333333333333,0.15331010452961671,0.10001308026389982
0.5303030303030303,0.15310586176727908,0.10017853153010389
0.5303030303030303,0.15377855887521968,0.10019479904343682
0.5303030303030303,0.15391380826737028,0.10030704592760456
0.5303030303030303,0.15404929577464788,0.10031865086986895
0.5303030303030303,0.15418502202643172,0.10042121244835234
0.5303030303030303,0.15432098765432098,0.10049556189070807
0.5303030303030303,0.15445719329214475,0.10050623060939588
0.5272727272727272,0.15384615384615385,0.10057639561203353
0.5272727272727272,0.15398230088495576,0.10063944964519704
0.5272727272727272,0.15411868910540302,0.10076608059516753
0.5272727272727272,0.15452930728241562,0.10107144703989024
0.5272727272727272,0.15466666666666667,0.1010930280132785
0.5242424242424243,0.15446428571428572,0.10127430801762045
0.5242424242424243,0.1546023235031278,0.10129488417794512
0.5242424242424243,0.1554357592093441,0.10143541831232558
0.5242424242424243,0.15557553956834533,0.10159514783198653
0.5242424242424243,0.1557155715571557,0.10160591131481611
0.5242424242424243,0.15585585585585585,0.10180245657231313
0.5242424242424243,0.15599639314697927,0.1018196387286266
0.5242424242424243,0.15613718411552346,0.10195415300260392
0.5212121212121212,0.15551537070524413,0.10197053260448866
0.5181818181818182,0.15559599636032756,0.1021323847149992
0.5181818181818182,0.1557377049180328,0.10230094341869887
0.5151515151515151,0.15755329008341057,0.10236973658392837
0.5151515151515151,0.15784586815227483,0.10241972165149571
0.5121212121212121,0.15735567970204842,0.10262392444379217
0.5121212121212121,0.15764925373134328,0.10295183446257876
0.5121212121212121,0.15779645191409897,0.10295200014055483
0.5121212121212121,0.1580916744621141,0.1031711766729346
0.5121212121212121,0.15823970037453183,0.10356525239533673
0.5121212121212121,0.1583880037488285,0.1036416614233884
0.509090909090909,0.15879017013232513,0.10365634011744804
0.5060606060606061,0.15799432355723747,0.1040223553428588
0.5060606060606061,0.1581439393939394,0.10410983121080677
0.5060606060606061,0.15829383886255924,0.10416282060629321
0.5060606060606061,0.15844402277039848,0.1044231948829914
0.5060606060606061,0.15874524714828897,0.10457216617468389
0.5060606060606061,0.15889628924833493,0.1046373394306824
0.5060606060606061,0.15904761904761905,0.10464608289330893
0.5060606060606061,0.15919923736892277,0.10476062585906619
0.5060606060606061,0.15950334288443171,0.10482437446748702
0.5060606060606061,0.15965583173996176,0.10500235085499274
0.5060606060606061,0.1598086124401914,0.10502126214416808
0.5060606060606061,0.15996168582375478,0.10518614762341752
0.503030303030303,0.15930902111324377,0.10562341323188362
0.503030303030303,0.15946205571565802,0.10571196392972382
0.503030303030303,0.1599229287090559,0.10577289288577574
0.503030303030303,0.1600771456123433,0.10579705461445003
0.503030303030303,0.16054158607350097,0.10603259275942206
0.503030303030303,0.16116504854368932,0.1061297685062113
0.503030303030303,0.1614785992217899,0.1061409647790462
0.503030303030303,0.16163583252190847,0.10641365940795398
0.5,0.16176470588235295,0.10651851561678609
0.5,0.1619234543670265,0.10655911306310445
0.5,0.16208251473477406,0.10662487930679485
0.5,0.16224188790560473,0.10741741850916658
0.5,0.1625615763546798,0.10750117661839405
0.5,0.16272189349112426,0.10757024600069331
0.5,0.16288252714708787,0.10757226009814728
0.49696969696969695,0.16205533596837945,0.10767753332778635
0.48787878787878786,0.1622983870967742,0.10772727740686065
0.48787878787878786,0.16246215943491424,0.1078223403472205
0.48787878787878786,0.16279069767441862,0.10814883464209497
0.48787878787878786,0.16295546558704455,0.10824377048574611
0.48787878787878786,0.16312056737588654,0.10825082588116722
0.48787878787878786,0.16328600405679514,0.10825285117576952
0.48787878787878786,0.1634517766497462,0.10865221974732898
0.48787878787878786,0.16361788617886178,0.1087072814908351
0.48787878787878786,0.16378433367243134,0.10875901328424131
0.48787878787878786,0.16395112016293278,0.10920019134575082
0.48787878787878786,0.16411824668705402,0.10923006645037618
0.48787878787878786,0.16428571428571428,0.10928742740421021
0.48787878787878786,0.1644535240040858,0.10935063708214819
0.48484848484848486,0.16393442622950818,0.10936070447334949
0.48484848484848486,0.1641025641025641,0.1094307934327908
0.48484848484848486,0.1652892561983471,0.10944619192560599
0.48484848484848486,0.16563146997929606,0.10957766873173412
0.48484848484848486,0.16580310880829016,0.10983014632189392
0.47878787878787876,0.16475495307612095,0.10996929462835936
0.47878787878787876,0.1649269311064718,0.10997753276551325
0.47878787878787876,0.16509926854754442,0.11024270206075067
0.47575757575757577,0.16422594142259414,0.11025061175252408
0.47575757575757577,0.16474291710388247,0.11047523262953264
0.47575757575757577,0.16491596638655462,0.11051606834025351
0.47575757575757577,0.1650893796004206,0.1105232534888876
0.47575757575757577,0.1654373024236038,0.11070216308616658
0.47575757575757577,0.16561181434599156,0.11087792251281951
0.47575757575757577,0.16578669482576558,0.11105086212155194
0.47575757575757577,0.1664899257688229,0.11125245189955682
0.47575757575757577,0.16666666666666666,0.11160233914205873
0.4696969696969697,0.1650692225772098,0.11183302733707302
0.4696969696969697,0.1652452025586354,0.11184579999501132
0.4696969696969697,0.16542155816435433,0.11202304834593123
0.4696969696969697,0.1655982905982906,0.11204050751701485
0.4666666666666667,0.16470588235294117,0.11205224918242404
0.4636363636363636,0.1639871382636656,0.11222896549030573
0.4636363636363636,0.16416309012875535,0.1123382222472405
0.4575757575757576,0.1635969664138678,0.11244818167753527
0.4575757575757576,0.16377440347071584,0.11247185930827697
0.4575757575757576,0.16395222584147665,0.11255972048838805
0.45151515151515154,0.16337719298245615,0.11285334539398723
0.4484848484848485,0.16245883644346873,0.11291036639203057
0.4484848484848485,0.16263736263736264,0.11293529034726349
0.4484848484848485,0.1628162816281628,0.11315781575935893
0.4484848484848485,0.16299559471365638,0.11339077410841752
0.4484848484848485,0.16335540838852097,0.11347859775111582
0.4484848484848485,0.164079822616408,0.11361033050983112
0.4484848484848485,0.16426193118756938,0.11366351163928481
0.4484848484848485,0.16856492027334852,0.11378525762616183
0.4484848484848485,0.16875712656784492,0.11381534194577239
0.44545454545454544,0.168,0.11415766149329465
0.44545454545454544,0.16896551724137931,0.11426560768433665
0.44545454545454544,0.16915995397008055,0.11426671680705934
0.44545454545454544,0.1693548387096774,0.11438228487292403
0.44545454545454544,0.1699421965317919,0.11457204522132809
0.44545454545454544,0.1701388888888889,0.11474314410921375
0.44545454545454544,0.17053364269141533,0.11479737830267496
0.44545454545454544,0.17093023255813952,0.11498420539733718
0.44545454545454544,0.17112922002328287,0.11502131623567904
0.44545454545454544,0.17132867132867133,0.11525988308121801
0.44545454545454544,0.17192982456140352,0.11535133315391424
0.44545454545454544,0.1721311475409836,0.11550162244518879
0.44545454545454544,0.17375886524822695,0.11592024625886142
0.44545454545454544,0.17417061611374407,0.11593301671891519
0.44545454545454544,0.17437722419928825,0.11603599417032666
0.44545454545454544,0.17458432304038005,0.11606610432663118
0.44545454545454544,0.17479191438763378,0.11624510241661207
0.44545454545454544,0.175,0.116360978899901
0.44242424242424244,0.17548076923076922,0.11659641745733863
0.44242424242424244,0.17611580217129072,0.11666331908143004
0.44242424242424244,0.17632850241545894,0.1171997390352023
0.44242424242424244,0.17696969696969697,0.11720840380199217
0.44242424242424244,0.17718446601941748,0.11749711085607134
0.44242424242424244,0.17761557177615572,0.11776861344632283
0.4393939393939394,0.17661388550548113,0.11777770564991939
0.43636363636363634,0.17560975609756097,0.11801946292143212
0.43636363636363634,0.17582417582417584,0.11803284824489559
0.43636363636363634,0.17603911980440098,0.1182008313675928
0.43636363636363634,0.1762545899632803,0.11824919721743161
0.43636363636363634,0.1769041769041769,0.11826597837752797
0.43636363636363634,0.17712177121771217,0.11854887425675657
0.43333333333333335,0.17875,0.11878097946999933
0.43333333333333335,0.17964824120603015,0.11883164255627902
0.43333333333333335,0.17987421383647798,0.11940768397026941
0.4303030303030303,0.17929292929292928,0.11962609288085274
0.42727272727272725,0.17825537294563842,0.1196283024482242
0.42727272727272725,0.17848101265822786,0.11965177299188524
0.42727272727272725,0.17870722433460076,0.1197437909807406
0.42727272727272725,0.17893401015228427,0.11982188287743668
0.42424242424242425,0.17857142857142858,0.11993753283165415
0.4121212121212121,0.1855388813096862,0.11995327510740918
0.4121212121212121,0.18579234972677597,0.12045525196938853
0.4121212121212121,0.18655692729766804,0.12056950456234111
0.4121212121212121,0.18862690707350901,0.1206905785937866
0.4121212121212121,0.18915159944367177,0.12081415974503441
0.4121212121212121,0.1894150417827298,0.12100814602454807
0.4121212121212121,0.1896792189679219,0.12106861889379181
0.4121212121212121,0.1918194640338505,0.12112543379204861
0.4121212121212121,0.19236209335219237,0.12153477013995
0.4121212121212121,0.19263456090651557,0.12160993102012406
0.4121212121212121,0.19373219373219372,0.12170572630788669
0.4121212121212121,0.19428571428571428,0.12186315416728846
0.4121212121212121,0.19568345323741007,0.12210461571131093
0.4090909090909091,0.19452449567723343,0.12230164659545485
0.40606060606060607,0.1936416184971098,0.12245442197080629
0.40606060606060607,0.19420289855072465,0.12246346671497606
0.40606060606060607,0.19448476052249636,0.12276327247194695
0.403030303030303,0.19530102790014683,0.12300986177455715
0.403030303030303,0.19558823529411765,0.12320814837956169
0.403030303030303,0.1958762886597938,0.12344283847718195
0.403030303030303,0.19616519174041297,0.12352300422019265
0.403030303030303,0.1964549483013294,0.12364172462353934
0.4,0.19584569732937684,0.12365765078567803
0.4,0.1961367013372957,0.12395314671700962
0.396969696969697,0.1949404761904762,0.12424698852554537
0.396969696969697,0.19523099850968703,0.12445210868675768
0.396969696969697,0.19552238805970149,0.1247278318238395
0.396969696969697,0.19610778443113772,0.12474071631644279
0.3939393939393939,0.19519519519519518,0.12505451149138117
0.3878787878787879,0.19783616692426584,0.12517746019094408
0.3878787878787879,0.19814241486068113,0.12518673520127568
0.3878787878787879,0.19844961240310077,0.125297543406167
0.3878787878787879,0.20253164556962025,0.12581163261306216
0.3878787878787879,0.20285261489698891,0.12589594021868794
0.3878787878787879,0.20317460317460317,0.12596318547425303
0.3878787878787879,0.20349761526232116,0.12613345560570524
0.38484848484848483,0.20222929936305734,0.12630560572221636
0.38484848484848483,0.20287539936102236,0.12637828148024793
0.38484848484848483,0.2032,0.12638504604465484
0.38484848484848483,0.20352564102564102,0.12638736253159552
0.38181818181818183,0.2032258064516129,0.12650843856667365
0.36666666666666664,0.2168458781362007,0.12655225118663946
0.36666666666666664,0.21723518850987433,0.12664197704535574
0.36666666666666664,0.21762589928057555,0.12673408795459137
0.36666666666666664,0.218018018018018,0.12676879687923986
0.36363636363636365,0.21660649819494585,0.12701707109631838
0.36363636363636365,0.21699819168173598,0.12717003044457198
0.36363636363636365,0.2177858439201452,0.12762920017393264
0.36363636363636365,0.2185792349726776,0.12769250118557066
0.35454545454545455,0.21467889908256882,0.1278345441883599
0.35454545454545455,0.21507352941176472,0.1278556826611525
0.3515151515151515,0.2136279926335175,0.1279568352182907
0.3484848484848485,0.21256931608133087,0.12796318126747214
0.3484848484848485,0.21296296296296297,0.1281421091756501
0.3484848484848485,0.21335807050092764,0.12818043699130144
0.3484848484848485,0.2137546468401487,0.12879085507595892
0.3484848484848485,0.21415270018621974,0.12881550163010397
0.3484848484848485,0.21455223880597016,0.1291429837075484
0.34545454545454546,0.21348314606741572,0.12946621505913364
0.3424242424242424,0.21482889733840305,0.1298163056642965
0.3424242424242424,0.21523809523809523,0.1301773796021781
0.3393939393939394,0.21374045801526717,0.13026126893420956
0.33636363636363636,0.21223709369024857,0.13038550219995496
0.3333333333333333,0.21153846153846154,0.13050281196440416
0.3333333333333333,0.21235521235521235,0.13123346796183932
0.3333333333333333,0.2127659574468085,0.13173832348842165
0.3303030303030303,0.2124756335282651,0.13183177318100522
0.3303030303030303,0.212890625,0.1318637518785496
0.32727272727272727,0.21301775147928995,0.1318783703645166
0.32727272727272727,0.21428571428571427,0.13199238522701534
0.3242424242424242,0.21314741035856574,0.132002088996335
0.3242424242424242,0.21357285429141717,0.13206302856912505
0.3242424242424242,0.214,0.13211801870262815
0.3181818181818182,0.21341463414634146,0.13225658193152548
0.3181818181818182,0.21384928716904278,0.13226662497072758
0.3151515151515151,0.21311475409836064,0.13240440088678587
0.3151515151515151,0.2135523613963039,0.13254910019443572
0.3151515151515151,0.2139917695473251,0.13274267474548765
0.3151515151515151,0.21443298969072164,0.1328044863817918
0.3151515151515151,0.21487603305785125,0.13281439277483884
0.31212121212121213,0.21325051759834368,0.13303945942316456
0.31212121212121213,0.21369294605809128,0.13304611717496262
0.3090909090909091,0.2125,0.13313308366941737
0.3090909090909091,0.21294363256784968,0.1332557003439395
0.3090909090909091,0.21338912133891214,0.13325812355271677
0.3090909090909091,0.2170212765957447,0.13338477665530923
0.2787878787878788,0.21495327102803738,0.1334321877370309
0.2787878787878788,0.215962441314554,0.13349634498088314
0.2787878787878788,0.2164705882352941,0.13352446403987675
0.2787878787878788,0.21800947867298578,0.13359376906095063
0.2787878787878788,0.21852731591448932,0.13383619910760347
0.27575757575757576,0.2171837708830549,0.1340768094191657
0.27575757575757576,0.21980676328502416,0.1343237989384326
0.2727272727272727,0.2179176755447942,0.13434468610970632
0.2696969696969697,0.2176039119804401,0.1345245421275751
0.2696969696969697,0.2181372549019608,0.13460028197113594
0.26666666666666666,0.21621621621621623,0.13509306044599265
0.2636363636363636,0.21428571428571427,0.13532073466118516
0.2636363636363636,0.21481481481481482,0.13553579894959727
0.2636363636363636,0.21534653465346534,0.13601134426031958
0.2636363636363636,0.21588089330024815,0.13634907485688874
0.2606060606060606,0.215,0.13637451858776525
0.2606060606060606,0.21553884711779447,0.13647820312485054
0.25757575757575757,0.21573604060913706,0.13699310858450423
0.25757575757575757,0.21628498727735368,0.13718374473858153
0.2545454545454545,0.21428571428571427,0.1374252381914828
0.2515151515151515,0.2128205128205128,0.1374394188455633
0.2515151515151515,0.2133676092544987,0.13756207118461364
0.2515151515151515,0.21558441558441557,0.1381491346095937
0.2515151515151515,0.21614583333333334,0.13827342787976568
0.2515151515151515,0.21671018276762402,0.13851080265878712
0.2515151515151515,0.2178477690288714,0.1388537422266316
0.2515151515151515,0.21957671957671956,0.13898486079609013
0.2515151515151515,0.22015915119363394,0.13900014233057625
0.24545454545454545,0.216,0.13900807832568987
0.24545454545454545,0.21657754010695188,0.13925065640075157
0.24545454545454545,0.21715817694369974,0.13939549872290674
0.24545454545454545,0.21774193548387097,0.13940599677267249
0.24545454545454545,0.2183288409703504,0.13970126446387116
0.24545454545454545,0.21891891891891893,0.13996820740512422
0.24545454545454545,0.22070844686648503,0.14007984552930838
0.24545454545454545,0.22131147540983606,0.14021380597198252
0.24545454545454545,0.2219178082191781,0.14026415125676117
0.24242424242424243,0.21978021978021978,0.1403302168958676
0.24242424242424243,0.22038567493112948,0.14035296373182857
0.24242424242424243,0.22099447513812154,0.14044235168596145
0.23333333333333334,0.2219020172910663,0.14057472548723823
0.23030303030303031,0.22287390029325513,0.14069133143073595
0.23030303030303031,0.2235294117647059,0.14072071988753096
0.22727272727272727,0.22123893805309736,0.14083604068936012
0.22727272727272727,0.22189349112426035,0.141046520936321
0.22727272727272727,0.22255192878338279,0.1411307746242531
0.22727272727272727,0.22321428571428573,0.14153489451929008
0.22727272727272727,0.22388059701492538,0.14173566791298217
0.22727272727272727,0.22522522522522523,0.14173774103672757
0.22727272727272727,0.22590361445783133,0.1420161760380887
0.22727272727272727,0.22658610271903323,0.1425978677618838
0.22424242424242424,0.22424242424242424,0.14364466793687514
0.22424242424242424,0.22560975609756098,0.1436723203002493
0.22424242424242424,0.22910216718266255,0.1438072291650802
0.22424242424242424,0.23052959501557632,0.14493953258982675
0.22424242424242424,0.23197492163009403,0.14561320854258988
0.22121212121212122,0.22955974842767296,0.14596859023602043
0.22121212121212122,0.2302839116719243,0.1461535207728358
0.22121212121212122,0.2310126582278481,0.14628872587694883
0.21818181818181817,0.23076923076923078,0.14643069424967617
0.21515151515151515,0.2282958199356913,0.14644163197234672
0.21515151515151515,0.23127035830618892,0.146566111750255
0.21515151515151515,0.23202614379084968,0.14657670601852632
0.21212121212121213,0.22950819672131148,0.1473312855391459
0.21212121212121213,0.23102310231023102,0.14734686361299795
0.20909090909090908,0.22847682119205298,0.14738517694404024
0.20909090909090908,0.2292358803986711,0.14763607593837716
0.20909090909090908,0.23,0.14776169743605194
0.20909090909090908,0.23076923076923078,0.147811311070853
0.20909090909090908,0.23154362416107382,0.14794778404864486
0.2,0.23655913978494625,0.1482384630639237
0.2,0.23826714801444043,0.14838323532524167
0.2,0.2391304347826087,0.1485125350360902
0.2,0.24,0.14913351436735567
0.2,0.24087591240875914,0.14922603253420413
0.2,0.2426470588235294,0.14929821187899261
0.19696969696969696,0.241635687732342,0.15095660780329823
0.19696969696969696,0.24253731343283583,0.15131997897136795
0.19696969696969696,0.24528301886792453,0.1516161045204553
0.19696969696969696,0.24621212121212122,0.1523672810045537
0.19696969696969696,0.2480916030534351,0.15313827700890234
0.19696969696969696,0.24904214559386972,0.15323901065699377
0.19696969696969696,0.25,0.15372672272527702
0.19696969696969696,0.25096525096525096,0.15392709243440392
0.19696969696969696,0.25193798449612403,0.15405060107981638
0.19393939393939394,0.25296442687747034,0.15421015466982377
0.19393939393939394,0.25396825396825395,0.15434004388713862
0.19393939393939394,0.2570281124497992,0.15435109845106065
0.19090909090909092,0.2540322580645161,0.15478333934690364
0.19090909090909092,0.2550607287449393,0.15519465256650428
0.19090909090909092,0.25609756097560976,0.15545642196204806
0.19090909090909092,0.2571428571428571,0.15554021416336872
0.18787878787878787,0.256198347107438,0.15562633937071607
0.18484848484848485,0.25416666666666665,0.1556392444562899
0.18181818181818182,0.25210084033613445,0.1557816237071601
0.1787878787878788,0.2645739910313901,0.15603225394047093
0.1787878787878788,0.26576576576576577,0.15608487466951462
0.1787878787878788,0.2669683257918552,0.15699205936882588
0.1787878787878788,0.2681818181818182,0.1574338583541059
0.17575757575757575,0.2648401826484018,0.15744283914816706
0.17575757575757575,0.26605504587155965,0.15746184999689244
0.17575757575757575,0.2672811059907834,0.15756485579199514
0.17575757575757575,0.26851851851851855,0.1576083671579461
0.17575757575757575,0.26976744186046514,0.15831831377471714
0.17575757575757575,0.27102803738317754,0.1584873509671384
0.17272727272727273,0.2676056338028169,0.15916571635100954
0.17272727272727273,0.2688679245283019,0.15926889281747708
0.16666666666666666,0.2619047619047619,0.15929899342711973
0.16666666666666666,0.2669902912621359,0.1597900306150684
0.16666666666666666,0.2682926829268293,0.16039108243608838
0.16666666666666666,0.2696078431372549,0.1606944013762298
0.16666666666666666,0.270935960591133,0.16103370361357844
0.16666666666666666,0.2722772277227723,0.16153972730012042
0.16363636363636364,0.27,0.16184054929713076
0.16363636363636364,0.27411167512690354,0.16190153799838902
0.1606060606060606,0.27040816326530615,0.16199901056386454
0.1606060606060606,0.2717948717948718,0.1621113773768484
0.1606060606060606,0.27319587628865977,0.16272853570057513
0.1606060606060606,0.27461139896373055,0.16308779644336582
0.1606060606060606,0.2760416666666667,0.16318891509968647
0.1606060606060606,0.2774869109947644,0.1633386545331254
0.1606060606060606,0.2804232804232804,0.16340009772678865
0.1606060606060606,0.28191489361702127,0.1635432517106332
0.15757575757575756,0.27807486631016043,0.16361150021182153
0.15757575757575756,0.27956989247311825,0.1638020532361345
0.15757575757575756,0.2810810810810811,0.1642116662193447
0.15757575757575756,0.2826086956521739,0.1647241704449693
0.15757575757575756,0.28415300546448086,0.16478603217702756
0.15757575757575756,0.2857142857142857,0.16480239400317204
0.15454545454545454,0.281767955801105,0.16526912509926078
0.15454545454545454,0.2833333333333333,0.1654209406984008
0.15454545454545454,0.2849162011173184,0.16568167983395957
0.15454545454545454,0.28651685393258425,0.16659390895622883
0.15454545454545454,0.288135593220339,0.16746459243336617
0.15454545454545454,0.2897727272727273,0.16812718843222457
0.15454545454545454,0.2914285714285714,0.16889842722362144
0.15454545454545454,0.29310344827586204,0.16902770962366573
0.15151515151515152,0.28901734104046245,0.1690692504497419
0.15151515151515152,0.29069767441860467,0.1693198955768791
0.15151515151515152,0.29239766081871343,0.1703265317764855
0.15151515151515152,0.2958579881656805,0.17040147079487283
0.15151515151515152,0.2976190476190476,0.1705450686976497
0.15151515151515152,0.2994011976047904,0.1706640688190115
0.15151515151515152,0.30120481927710846,0.1712717071137662
0.15151515151515152,0.30303030303030304,0.17182310070017387
0.14242424242424243,0.29936305732484075,0.17203614018710367
0.1393939393939394,0.2948717948717949,0.1727320978148533
0.13333333333333333,0.2894736842105263,0.1732656814996359
0.13333333333333333,0.2913907284768212,0.1738330130649069
0.13333333333333333,0.29333333333333333,0.17448462489243344
0.13333333333333333,0.2953020134228188,0.1745272251582953
0.13333333333333333,0.2972972972972973,0.1756273184752148
0.1303030303030303,0.2945205479452055,0.17619177842567205
0.1303030303030303,0.296551724137931,0.17624280828359531
0.12727272727272726,0.2916666666666667,0.17695670970499308
0.12727272727272726,0.2937062937062937,0.17788871203847187
0.12727272727272726,0.29577464788732394,0.17828322752420095
0.12424242424242424,0.29285714285714287,0.17870421300154837
0.12424242424242424,0.2949640287769784,0.1789953907595334
0.12424242424242424,0.2971014492753623,0.1790301739590723
0.12424242424242424,0.29927007299270075,0.1803813854235222
0.12121212121212122,0.29411764705882354,0.1804591945010194
0.12121212121212122,0.2962962962962963,0.18052439951321336
0.12121212121212122,0.29850746268656714,0.18065310221231165
0.12121212121212122,0.31746031746031744,0.18147214862563543
0.12121212121212122,0.32,0.1822382063845123
0.12121212121212122,0.3252032520325203,0.1827761334381816
0.11818181818181818,0.319672131147541,0.18289135826255723
0.11818181818181818,0.32231404958677684,0.183146077054113
0.11515151515151516,0.31666666666666665,0.18361819575074964
0.11515151515151516,0.31932773109243695,0.18447835366397747
0.11515151515151516,0.3220338983050847,0.18575634508981578
0.11515151515151516,0.3247863247863248,0.18690042995056705
0.11515151515151516,0.3275862068965517,0.1878790288379168
0.11515151515151516,0.33043478260869563,0.18797903378585945
0.11515151515151516,0.3333333333333333,0.18955053526940524
0.11515151515151516,0.336283185840708,0.1896643431577501
0.11515151515151516,0.34234234234234234,0.1898328649769987
0.11212121212121212,0.3394495412844037,0.18990201239266416
0.11212121212121212,0.3425925925925926,0.19006462308839817
0.11212121212121212,0.34579439252336447,0.1920384915740948
0.11212121212121212,0.3490566037735849,0.19377114977635554
0.11212121212121212,0.3557692307692308,0.19394244726410595
0.10909090909090909,0.34951456310679613,0.19504473737737918
0.10909090909090909,0.35294117647058826,0.19568703801464768
0.10606060606060606,0.3465346534653465,0.19605141608222112
0.10303030303030303,0.34,0.1970899183659432
0.10303030303030303,0.3434343434343434,0.19724325108407395
0.10303030303030303,0.3469387755102041,0.19744135318365041
0.10303030303030303,0.35051546391752575,0.19802643517335533
0.10303030303030303,0.3541666666666667,0.1984051269955397
0.10303030303030303,0.35789473684210527,0.19919068626000883
0.09696969696969697,0.35555555555555557,0.19953412957420344
0.09696969696969697,0.36363636363636365,0.20165440690228628
0.09696969696969697,0.367816091954023,0.20239724111160012
0.09696969696969697,0.37209302325581395,0.20256188496527797
0.09393939393939393,0.36470588235294116,0.20689400308823486
0.09090909090909091,0.35714285714285715,0.20798677720632527
0.09090909090909091,0.3614457831325301,0.20876849074352466
0.09090909090909091,0.36585365853658536,0.20907206071521003
0.08787878787878788,0.3625,0.21162570240017417
0.08787878787878788,0.3670886075949367,0.21194377959820912
0.08787878787878788,0.3717948717948718,0.21244496989389117
0.08484848484848485,0.36363636363636365,0.2128230226858676
0.08484848484848485,0.3684210526315789,0.21318440308575812
0.08484848484848485,0.37333333333333335,0.2133783793359187
0.08181818181818182,0.36486486486486486,0.21485703464114567
0.07878787878787878,0.3561643835616438,0.21503155192893367
0.07575757575757576,0.3472222222222222,0.2163755826278549
0.07575757575757576,0.352112676056338,0.21705394338625034
0.07575757575757576,0.35714285714285715,0.21749821673317682
0.07575757575757576,0.36231884057971014,0.2188076458586084
0.07272727272727272,0.35294117647058826,0.2193093829092798
0.07272727272727272,0.3582089552238806,0.2210292780730796
0.07272727272727272,0.36923076923076925,0.22388074788322257
0.0696969696969697,0.359375,0.2267837002279321
0.0696969696969697,0.36507936507936506,0.22826865321952652
0.0696969696969697,0.3709677419354839,0.22946208203011367
0.06666666666666667,0.36065573770491804,0.22970826561402494
0.06363636363636363,0.3620689655172414,0.2332242297540457
0.06363636363636363,0.3684210526315789,0.2337887850942453
0.06363636363636363,0.375,0.2406486058791906
0.06363636363636363,0.3888888888888889,0.24457599772455194
0.06363636363636363,0.39622641509433965,0.24552488433155722
0.06363636363636363,0.40384615384615385,0.25010340227047706
0.06363636363636363,0.4117647058823529,0.2511522653450654
0.06363636363636363,0.42,0.2564402983654058
0.06060606060606061,0.40816326530612246,0.2570501050470332
0.05757575757575758,0.3958333333333333,0.260212131951708
0.05757575757575758,0.40425531914893614,0.2612346601234914
0.05454545454545454,0.391304347826087,0.2614826415699299
0.051515151515151514,0.37777777777777777,0.261547706509391
0.051515151515151514,0.38636363636363635,0.2635764322199565
0.051515151515151514,0.3953488372093023,0.2664663276089172
0.051515151515151514,0.40476190476190477,0.2681609426593958
0.048484848484848485,0.3902439024390244,0.28556557540154515
0.048484848484848485,0.4,0.2863396626886684
0.048484848484848485,0.41025641025641024,0.2866892100338405
0.045454545454545456,0.39473684210526316,0.29310885989285956
0.045454545454545456,0.4166666666666667,0.2940852704934912
0.045454545454545456,0.42857142857142855,0.29785757599682455
0.04242424242424243,0.4117647058823529,0.2995441175211724
0.04242424242424243,0.42424242424242425,0.3000295529193577
0.03939393939393939,0.40625,0.3034204983239689
0.03939393939393939,0.41935483870967744,0.30506043692708446
0.03939393939393939,0.4482758620689655,0.30577922317500716
0.03333333333333333,0.4074074074074074,0.32429845716617023
0.03333333333333333,0.4230769230769231,0.33253572013136856
0.03333333333333333,0.44,0.33590475620922416
0.030303030303030304,0.43478260869565216,0.3369483365676497
0.030303030303030304,0.45454545454545453,0.3388606830722764
0.02727272727272727,0.42857142857142855,0.3445332212822779
0.024242424242424242,0.4,0.3459212106293414
0.024242424242424242,0.42105263157894735,0.35191011535828653
0.021212121212121213,0.4117647058823529,0.3598274012884133
0.015151515151515152,0.3333333333333333,0.36510171741640596
0.015151515151515152,0.35714285714285715,0.3654955830191554
0.015151515151515152,0.38461538461538464,0.3774367097520505
0.015151515151515152,0.4166666666666667,0.3805486830692683
0.015151515151515152,0.45454545454545453,0.38831959808404803
0.012121212121212121,0.4444444444444444,0.3910557189778524
0.012121212121212121,0.5,0.3942088795773983
0.00909090909090909,0.42857142857142855,0.4381710527946125
0.00909090909090909,0.75,0.46116274683501857
0.00909090909090909,1.0,0.4831388161356896
0.006060606060606061,1.0,0.48348328424122455
0.0030303030303030303,1.0,0.48489442722100745
0.0,1.0,
